"mchCode","transId","title","amount","payeeId","createAt","updateAt","status"
"12345","180805103827020024546855","washer 2",100,"o74f0wur0-jIHm3z2NE3pkpw23S4","2018-08-05T10:38:27Z","2018-08-05T11:02:25Z","FULL_REFUNDED"
"12345","180805103827020024546855","washer 2",100,"o74f0wur0-jIHm3z2NE3pkpw23S4","2018-08-05T10:38:27Z","2018-08-05T11:02:25Z","FULL_REFUNDED"
"12345","180805103827020024546855","washer 2",100,"o74f0wur0-jIHm3z2NE3pkpw23S4","2018-08-05T10:38:27Z","2018-08-05T11:02:25Z","FULL_REFUNDED"
"12345","180805103827020024546855","washer 2",100,"o74f0wur0-jIHm3z2NE3pkpw23S4","2018-08-05T10:38:27Z","2018-08-05T11:02:25Z","FULL_REFUNDED"
"12345","180805103827020024546855","washer 2",100,"o74f0wur0-jIHm3z2NE3pkpw23S4","2018-08-05T10:38:27Z","2018-08-05T11:02:25Z","FULL_REFUNDED"
"12345","180805103827020024546855","washer 2",100,"o74f0wur0-jIHm3z2NE3pkpw23S4","2018-08-05T10:38:27Z","2018-08-05T11:02:25Z","FULL_REFUNDED"
"12345","180805103827020024546855","washer 2",100,"o74f0wur0-jIHm3z2NE3pkpw23S4","2018-08-05T10:38:27Z","2018-08-05T11:02:25Z","FULL_REFUNDED"
"12345","180805103827020024546855","washer 2",100,"o74f0wur0-jIHm3z2NE3pkpw23S4","2018-08-05T10:38:27Z","2018-08-05T11:02:25Z","FULL_REFUNDED"
"12345","180807150912020023132911","washer 2",100,"o74f0wur0-jIHm3z2NE3pkpw23S4","2018-08-07T15:09:12Z","2018-08-07T15:10:24Z","FULL_REFUNDED"
"12345","180807150912020023132911","washer 2",100,"o74f0wur0-jIHm3z2NE3pkpw23S4","2018-08-07T15:09:12Z","2018-08-07T15:10:24Z","FULL_REFUNDED"
"12345","180807150912020023132911","washer 2",100,"o74f0wur0-jIHm3z2NE3pkpw23S4","2018-08-07T15:09:12Z","2018-08-07T15:10:24Z","FULL_REFUNDED"
"12345","180807150912020023132911","washer 2",100,"o74f0wur0-jIHm3z2NE3pkpw23S4","2018-08-07T15:09:12Z","2018-08-07T15:10:24Z","FULL_REFUNDED"
"cf9c0ca46b8825532677abe4261bbc30","180819030529020027067520","washing machine",300,"o74f0wur0-jIHm3z2NE3pkpw23S4","2018-08-19T03:05:29Z","2018-08-19T03:05:45Z","SUCCESS"
"cf9c0ca46b8825532677abe4261bbc30","180819064321020021599421","washing machine",200,"o74f0wur0-jIHm3z2NE3pkpw23S4","2018-08-19T06:43:21Z","2018-08-19T06:43:33Z","SUCCESS"
"6786f3831d7a750bac397d8967b81044","180819064330020024645742","washer 2",200,"o74f0wr_md9HQFD-07FSLlFHXWOU","2018-08-19T06:43:30Z","2018-08-19T06:43:51Z","SUCCESS"
"cf9c0ca46b8825532677abe4261bbc30","180819064418020027437993","washing machine",300,"o74f0wur0-jIHm3z2NE3pkpw23S4","2018-08-19T06:44:18Z","2018-08-19T06:44:33Z","SUCCESS"
"cf9c0ca46b8825532677abe4261bbc30","180819064422020029725831","washing machine",200,"o74f0wr_md9HQFD-07FSLlFHXWOU","2018-08-19T06:44:22Z","2018-08-19T06:44:34Z","SUCCESS"
"6786f3831d7a750bac397d8967b81044","180819153901020021642934","washer 2",100,"o74f0wur0-jIHm3z2NE3pkpw23S4","2018-08-19T15:39:01Z","2018-08-19T15:39:11Z","SUCCESS"
"cf9c0ca46b8825532677abe4261bbc30","180819154104020028409455","washing machine",200,"o74f0wur0-jIHm3z2NE3pkpw23S4","2018-08-19T15:41:04Z","2018-08-19T15:41:13Z","SUCCESS"
"cf9c0ca46b8825532677abe4261bbc30","180819155412020028554947","washing machine",100,"o74f0wur0-jIHm3z2NE3pkpw23S4","2018-08-19T15:54:12Z","2018-08-19T15:54:25Z","SUCCESS"
"cf9c0ca46b8825532677abe4261bbc30","180819155718020021796923","washing machine",100,"o74f0wur0-jIHm3z2NE3pkpw23S4","2018-08-19T15:57:18Z","2018-08-19T15:57:27Z","SUCCESS"
"6786f3831d7a750bac397d8967b81044","180820025832020025175867","washer 2",300,"o74f0wur0-jIHm3z2NE3pkpw23S4","2018-08-20T02:58:32Z","2018-08-20T02:58:41Z","SUCCESS"
"6786f3831d7a750bac397d8967b81044","180820030135020027970528","washer 2",300,"o74f0wur0-jIHm3z2NE3pkpw23S4","2018-08-20T03:01:35Z","2018-08-20T03:01:47Z","SUCCESS"
"6786f3831d7a750bac397d8967b81044","180820030226020025400176","washer 2",300,"o74f0wur0-jIHm3z2NE3pkpw23S4","2018-08-20T03:02:26Z","2018-08-20T03:02:37Z","SUCCESS"
"6786f3831d7a750bac397d8967b81044","180820030545020028110153","washer 2",300,"o74f0wur0-jIHm3z2NE3pkpw23S4","2018-08-20T03:05:45Z","2018-08-20T03:05:53Z","SUCCESS"
"6786f3831d7a750bac397d8967b81044","180820030705020024792631","washer 2",300,"o74f0wur0-jIHm3z2NE3pkpw23S4","2018-08-20T03:07:05Z","2018-08-20T03:07:12Z","SUCCESS"
"6786f3831d7a750bac397d8967b81044","180820031414020029717518","washer 2",300,"o74f0wr_md9HQFD-07FSLlFHXWOU","2018-08-20T03:14:14Z","2018-08-20T03:14:45Z","SUCCESS"
"6786f3831d7a750bac397d8967b81044","180820031721020026407224","washer 2",600,"o74f0wr_md9HQFD-07FSLlFHXWOU","2018-08-20T03:17:21Z","2018-08-20T03:17:38Z","SUCCESS"
"6786f3831d7a750bac397d8967b81044","180820033415020026755688","washer 2",500,"o74f0wur0-jIHm3z2NE3pkpw23S4","2018-08-20T03:34:15Z","2018-08-20T03:34:22Z","SUCCESS"
"6786f3831d7a750bac397d8967b81044","180820034802020025429645","washer 2",700,"o74f0wur0-jIHm3z2NE3pkpw23S4","2018-08-20T03:48:02Z","2018-08-20T03:48:10Z","SUCCESS"
"6786f3831d7a750bac397d8967b81044","180820040345020025561683","washer 2",700,"o74f0wur0-jIHm3z2NE3pkpw23S4","2018-08-20T04:03:45Z","2018-08-20T04:03:52Z","SUCCESS"
"6786f3831d7a750bac397d8967b81044","180820043936020028758041","washer 2",700,"o74f0wur0-jIHm3z2NE3pkpw23S4","2018-08-20T04:39:36Z","2018-08-20T04:41:06Z","SUCCESS"
"6786f3831d7a750bac397d8967b81044","180820045706020029631007","washer 2",700,"o74f0wur0-jIHm3z2NE3pkpw23S4","2018-08-20T04:57:06Z","2018-08-20T04:57:14Z","SUCCESS"
"6786f3831d7a750bac397d8967b81044","180820051059020021708198","washer 2",700,"o74f0wr_md9HQFD-07FSLlFHXWOU","2018-08-20T05:10:59Z","2018-08-20T05:11:20Z","SUCCESS"
"6786f3831d7a750bac397d8967b81044","180821065445020028949728","washer 2",700,"o74f0wur0-jIHm3z2NE3pkpw23S4","2018-08-21T06:54:45Z","2018-08-21T06:54:57Z","SUCCESS"
"6786f3831d7a750bac397d8967b81044","180828024731020024791328","washer 2",500,"o74f0wur0-jIHm3z2NE3pkpw23S4","2018-08-28T02:47:31Z","2018-08-28T02:47:49Z","SUCCESS"
"6786f3831d7a750bac397d8967b81044","180828043630020025508132","washer 2",700,"o74f0wur0-jIHm3z2NE3pkpw23S4","2018-08-28T04:36:30Z","2018-08-28T04:36:39Z","SUCCESS"
"6786f3831d7a750bac397d8967b81044","180828043630020025508132","washer 2",700,"o74f0wur0-jIHm3z2NE3pkpw23S4","2018-08-28T04:36:30Z","2018-08-28T04:36:39Z","SUCCESS"
"6786f3831d7a750bac397d8967b81044","180828045048020024924837","washer 2",700,"o74f0wur0-jIHm3z2NE3pkpw23S4","2018-08-28T04:50:48Z","2018-08-28T04:51:03Z","SUCCESS"
"6786f3831d7a750bac397d8967b81044","180828045048020024924837","washer 2",700,"o74f0wur0-jIHm3z2NE3pkpw23S4","2018-08-28T04:50:48Z","2018-08-28T04:51:03Z","SUCCESS"
"6786f3831d7a750bac397d8967b81044","180828052935020021345428","washer 2",200,"o74f0wur0-jIHm3z2NE3pkpw23S4","2018-08-28T05:29:35Z","2018-08-28T05:29:43Z","SUCCESS"
"6786f3831d7a750bac397d8967b81044","180828053027020023212356","washer 2",200,"o74f0wur0-jIHm3z2NE3pkpw23S4","2018-08-28T05:30:27Z","2018-08-28T05:30:45Z","SUCCESS"
"6786f3831d7a750bac397d8967b81044","180828052935020021345428","washer 2",200,"o74f0wur0-jIHm3z2NE3pkpw23S4","2018-08-28T05:29:35Z","2018-08-28T05:29:43Z","SUCCESS"
"6786f3831d7a750bac397d8967b81044","180828053027020023212356","washer 2",200,"o74f0wur0-jIHm3z2NE3pkpw23S4","2018-08-28T05:30:27Z","2018-08-28T05:30:45Z","SUCCESS"
"6786f3831d7a750bac397d8967b81044","180828053946020025842510","washer 2",200,"o74f0wur0-jIHm3z2NE3pkpw23S4","2018-08-28T05:39:46Z","2018-08-28T05:39:55Z","SUCCESS"
"6786f3831d7a750bac397d8967b81044","180828054034020027809956","washer 2",300,"o74f0wur0-jIHm3z2NE3pkpw23S4","2018-08-28T05:40:34Z","2018-08-28T05:40:41Z","SUCCESS"
"6786f3831d7a750bac397d8967b81044","180828053946020025842510","washer 2",200,"o74f0wur0-jIHm3z2NE3pkpw23S4","2018-08-28T05:39:46Z","2018-08-28T05:39:55Z","SUCCESS"
"6786f3831d7a750bac397d8967b81044","180828054034020027809956","washer 2",300,"o74f0wur0-jIHm3z2NE3pkpw23S4","2018-08-28T05:40:34Z","2018-08-28T05:40:41Z","SUCCESS"
"6786f3831d7a750bac397d8967b81044","180828083301020026127563","washer 2",200,"o74f0wur0-jIHm3z2NE3pkpw23S4","2018-08-28T08:33:01Z","2018-08-28T08:33:11Z","SUCCESS"
"6786f3831d7a750bac397d8967b81044","180828083301020026127563","washer 2",200,"o74f0wur0-jIHm3z2NE3pkpw23S4","2018-08-28T08:33:01Z","2018-08-28T08:33:11Z","SUCCESS"
"6786f3831d7a750bac397d8967b81044","180828090917020024173877","washer 2",200,"o74f0wur0-jIHm3z2NE3pkpw23S4","2018-08-28T09:09:17Z","2018-08-28T09:09:30Z","SUCCESS"
"6786f3831d7a750bac397d8967b81044","180828090917020024173877","washer 2",200,"o74f0wur0-jIHm3z2NE3pkpw23S4","2018-08-28T09:09:17Z","2018-08-28T09:09:30Z","SUCCESS"
"6786f3831d7a750bac397d8967b81044","180829044838020028358922","washer 2",200,"o74f0wur0-jIHm3z2NE3pkpw23S4","2018-08-29T04:48:38Z","2018-08-29T04:48:50Z","SUCCESS"
"6786f3831d7a750bac397d8967b81044","180829050615020026317171","washer 2",200,"o74f0wur0-jIHm3z2NE3pkpw23S4","2018-08-29T05:06:15Z","2018-08-29T05:06:25Z","SUCCESS"
"6786f3831d7a750bac397d8967b81044","180829053105020025323793","washer 2",200,"o74f0wur0-jIHm3z2NE3pkpw23S4","2018-08-29T05:31:05Z","2018-08-29T05:31:12Z","SUCCESS"
"6786f3831d7a750bac397d8967b81044","180829053105020025323793","washer 2",200,"o74f0wur0-jIHm3z2NE3pkpw23S4","2018-08-29T05:31:05Z","2018-08-29T05:31:12Z","SUCCESS"
"6786f3831d7a750bac397d8967b81044","180829054056020029427508","washer 2",200,"o74f0wur0-jIHm3z2NE3pkpw23S4","2018-08-29T05:40:56Z","2018-08-29T05:41:06Z","SUCCESS"
"6786f3831d7a750bac397d8967b81044","180829075628020025724331","washer 2",200,"o74f0wur0-jIHm3z2NE3pkpw23S4","2018-08-29T07:56:28Z","2018-08-29T07:56:37Z","SUCCESS"
"6786f3831d7a750bac397d8967b81044","180829082343020024118575","washer 2",200,"o74f0wur0-jIHm3z2NE3pkpw23S4","2018-08-29T08:23:43Z","2018-08-29T08:23:53Z","SUCCESS"
"6786f3831d7a750bac397d8967b81044","180829082343020024118575","washer 2",200,"o74f0wur0-jIHm3z2NE3pkpw23S4","2018-08-29T08:23:43Z","2018-08-29T08:23:53Z","SUCCESS"
"6786f3831d7a750bac397d8967b81044","180829083045020024220489","washer 2",200,"o74f0wr_md9HQFD-07FSLlFHXWOU","2018-08-29T08:30:45Z","2018-08-29T08:31:03Z","SUCCESS"
"6786f3831d7a750bac397d8967b81044","180829083045020024220489","washer 2",200,"o74f0wr_md9HQFD-07FSLlFHXWOU","2018-08-29T08:30:45Z","2018-08-29T08:31:03Z","SUCCESS"
"6786f3831d7a750bac397d8967b81044","180829083810020029990068","washer 2",200,"o74f0wur0-jIHm3z2NE3pkpw23S4","2018-08-29T08:38:10Z","2018-08-29T08:38:17Z","SUCCESS"
"6786f3831d7a750bac397d8967b81044","180829091100020027879518","washer 2",200,"o74f0wr_md9HQFD-07FSLlFHXWOU","2018-08-29T09:11:00Z","2018-08-29T09:11:26Z","SUCCESS"
"6786f3831d7a750bac397d8967b81044","180829091337020023137533","washer 2",300,"o74f0wr_md9HQFD-07FSLlFHXWOU","2018-08-29T09:13:37Z","2018-08-29T09:13:59Z","SUCCESS"
"6786f3831d7a750bac397d8967b81044","180830055247020026607539","washer 2",500,"o74f0wur0-jIHm3z2NE3pkpw23S4","2018-08-30T05:52:47Z","2018-08-30T05:53:09Z","SUCCESS"
"12345","180912150940020027044581","dexdryer_double_1",100,"o74f0wur0-jIHm3z2NE3pkpw23S4","2018-09-12T15:09:40Z","2018-09-12T15:10:03Z","FULL_REFUNDED"
"12345","180912150940020027044581","dexdryer_double_1",100,"o74f0wur0-jIHm3z2NE3pkpw23S4","2018-09-12T15:09:40Z","2018-09-12T15:10:03Z","FULL_REFUNDED"
"12345","180912150940020027044581","dexdryer_double_1",100,"o74f0wur0-jIHm3z2NE3pkpw23S4","2018-09-12T15:09:40Z","2018-09-12T15:10:03Z","FULL_REFUNDED"
"12345","180912150940020027044581","dexdryer_double_1",100,"o74f0wur0-jIHm3z2NE3pkpw23S4","2018-09-12T15:09:40Z","2018-09-13T01:00:00Z","FULL_REFUNDED"
